<?xml version="1.0" encoding="UTF-8"?>

<FLOW VERSION="3.0" CLEANUP="true">
  <COMMENT>attempt to restart the broker</COMMENT>

  <!-- nodes -->

<INVOKE TIMEOUT="" SERVICE="pub.flow:debugLog" VALIDATE-IN="$none" VALIDATE-OUT="$none">
  <COMMENT></COMMENT>

  <!-- nodes -->

<MAP MODE="INPUT">
  <MAPTARGET>

<Values version="2.0">
  <record name="xml" javaclass="com.wm.util.Values">
    <value name="node_type">record</value>
    <value name="field_name">debugLogInput</value>
    <value name="field_type">record</value>
    <value name="field_dim">0</value>
    <value name="field_min">1</value>
    <value name="field_max">1</value>
    <value name="field_enhanced">false</value>
    <value name="field_is_attribute">false</value>
    <value name="field_is_text">false</value>
    <value name="nillable">true</value>
    <value name="form_qualified">false</value>
    <value name="is_global">false</value>
    <array name="rec_fields" type="record" depth="1">
      <record javaclass="com.wm.util.Values">
        <value name="node_type">unknown</value>
        <value name="field_name">message</value>
        <value name="field_type">string</value>
        <value name="field_dim">0</value>
        <value name="field_opt">true</value>
        <value name="field_min">0</value>
        <value name="field_max">1</value>
        <value name="field_enhanced">false</value>
        <value name="field_is_attribute">false</value>
        <value name="field_is_text">false</value>
        <value name="nillable">true</value>
        <value name="form_qualified">false</value>
        <value name="is_global">false</value>
      </record>
      <record javaclass="com.wm.util.Values">
        <value name="node_type">unknown</value>
        <value name="field_name">function</value>
        <value name="field_type">string</value>
        <value name="field_dim">0</value>
        <value name="field_opt">true</value>
        <value name="field_min">0</value>
        <value name="field_max">1</value>
        <value name="field_enhanced">false</value>
        <value name="field_is_attribute">false</value>
        <value name="field_is_text">false</value>
        <value name="nillable">true</value>
        <value name="form_qualified">false</value>
        <value name="is_global">false</value>
      </record>
      <record javaclass="com.wm.util.Values">
        <value name="node_type">unknown</value>
        <value name="field_name">level</value>
        <value name="field_type">string</value>
        <value name="field_dim">0</value>
        <value name="field_opt">true</value>
        <array name="field_options" type="value" depth="1">
          <value>Fatal</value>
          <value>Error</value>
          <value>Warn</value>
          <value>Info</value>
          <value>Debug</value>
          <value>Trace</value>
          <value>Off</value>
        </array>
        <value name="field_min">0</value>
        <value name="field_max">1</value>
        <value name="field_enhanced">false</value>
        <value name="field_is_attribute">false</value>
        <value name="field_is_text">false</value>
        <value name="nillable">true</value>
        <value name="form_qualified">false</value>
        <value name="is_global">false</value>
      </record>
    </array>
    <value name="modelType">0</value>
  </record>
</Values>
</MAPTARGET>
  <MAPSOURCE>

<Values version="2.0">
  <record name="xml" javaclass="com.wm.util.Values">
    <value name="node_type">record</value>
    <value name="field_type">record</value>
    <value name="field_dim">0</value>
    <value name="field_min">1</value>
    <value name="field_max">1</value>
    <value name="field_enhanced">false</value>
    <value name="field_is_attribute">false</value>
    <value name="field_is_text">false</value>
    <value name="nillable">true</value>
    <value name="form_qualified">false</value>
    <value name="is_global">false</value>
    <array name="rec_fields" type="record" depth="1">
    </array>
    <value name="modelType">0</value>
  </record>
</Values>
</MAPSOURCE>

  <!-- nodes -->

<MAPSET NAME="Setter" OVERWRITE="true" VARIABLES="true" FIELD="/message;1;0">
  <DATA ENCODING="XMLValues" I18N="true">

<Values version="2.0">
  <value name="xml">restartBroker starting server on %brokerHost%, port %brokerPort%, monitorPort %monitorPort%</value>
  <record name="type" javaclass="com.wm.util.Values">
    <value name="node_type">unknown</value>
    <value name="field_name">message</value>
    <value name="field_type">string</value>
    <value name="field_dim">0</value>
    <value name="field_opt">true</value>
    <value name="field_min">0</value>
    <value name="field_max">1</value>
    <value name="field_enhanced">false</value>
    <value name="field_is_attribute">false</value>
    <value name="field_is_text">false</value>
    <value name="nillable">true</value>
    <value name="form_qualified">false</value>
    <value name="is_global">false</value>
  </record>
</Values>
</DATA>
</MAPSET>
</MAP>

<MAP MODE="OUTPUT">
</MAP>
</INVOKE>

<RETRY TIMEOUT="" COUNT="3" BACK-OFF="" LOOP-ON="SUCCESS">
  <COMMENT>attempt to restart the broker</COMMENT>

  <!-- nodes -->

<INVOKE TIMEOUT="" SERVICE="BrokerConfig:broker_start" VALIDATE-IN="$none" VALIDATE-OUT="$none">
  <COMMENT></COMMENT>

  <!-- nodes -->

<MAP MODE="INPUT">
  <MAPTARGET>

<Values version="2.0">
  <record name="xml" javaclass="com.wm.util.Values">
    <value name="node_type">record</value>
    <value name="field_type">record</value>
    <value name="field_dim">0</value>
    <value name="field_min">1</value>
    <value name="field_max">1</value>
    <value name="field_enhanced">false</value>
    <value name="field_is_attribute">false</value>
    <value name="field_is_text">false</value>
    <value name="nillable">true</value>
    <value name="form_qualified">false</value>
    <value name="is_global">false</value>
    <array name="rec_fields" type="record" depth="1">
      <record javaclass="com.wm.util.Values">
        <value name="node_type">record</value>
        <value name="node_comment"></value>
        <record name="node_hints" javaclass="com.wm.util.Values">
          <null name="field_usereditable"/>
          <value name="field_largerEditor">false</value>
          <value name="field_password">false</value>
        </record>
        <value name="field_name">broker_host</value>
        <value name="field_type">string</value>
        <value name="field_dim">0</value>
        <value name="field_min">1</value>
        <value name="field_max">1</value>
        <value name="field_enhanced">false</value>
        <value name="field_is_attribute">false</value>
        <value name="field_is_text">false</value>
        <value name="nillable">true</value>
        <value name="form_qualified">false</value>
        <value name="is_global">false</value>
      </record>
      <record javaclass="com.wm.util.Values">
        <value name="node_type">record</value>
        <value name="node_comment"></value>
        <record name="node_hints" javaclass="com.wm.util.Values">
          <null name="field_usereditable"/>
          <value name="field_largerEditor">false</value>
          <value name="field_password">false</value>
        </record>
        <value name="field_name">server_port</value>
        <value name="field_type">string</value>
        <value name="field_dim">0</value>
        <value name="field_min">1</value>
        <value name="field_max">1</value>
        <value name="field_enhanced">false</value>
        <value name="field_is_attribute">false</value>
        <value name="field_is_text">false</value>
        <value name="nillable">true</value>
        <value name="form_qualified">false</value>
        <value name="is_global">false</value>
      </record>
      <record javaclass="com.wm.util.Values">
        <value name="node_type">record</value>
        <value name="node_comment"></value>
        <record name="node_hints" javaclass="com.wm.util.Values">
          <null name="field_usereditable"/>
          <value name="field_largerEditor">false</value>
          <value name="field_password">false</value>
        </record>
        <value name="field_name">monitor_port</value>
        <value name="field_type">string</value>
        <value name="field_dim">0</value>
        <value name="field_min">0</value>
        <value name="field_max">1</value>
        <value name="field_enhanced">false</value>
        <value name="field_is_attribute">false</value>
        <value name="field_is_text">false</value>
        <value name="nillable">true</value>
        <value name="form_qualified">false</value>
        <value name="is_global">false</value>
      </record>
    </array>
    <value name="modelType">0</value>
  </record>
</Values>
</MAPTARGET>
  <MAPSOURCE>

<Values version="2.0">
  <record name="xml" javaclass="com.wm.util.Values">
    <value name="node_type">record</value>
    <value name="field_type">record</value>
    <value name="field_dim">0</value>
    <value name="field_min">1</value>
    <value name="field_max">1</value>
    <value name="field_enhanced">false</value>
    <value name="field_is_attribute">false</value>
    <value name="field_is_text">false</value>
    <value name="nillable">true</value>
    <value name="form_qualified">false</value>
    <value name="is_global">false</value>
    <array name="rec_fields" type="record" depth="1">
      <record javaclass="com.wm.util.Values">
        <value name="node_type">unknown</value>
        <value name="field_name">message</value>
        <value name="field_type">string</value>
        <value name="field_dim">0</value>
        <value name="field_min">1</value>
        <value name="field_max">1</value>
        <value name="field_enhanced">false</value>
        <value name="field_is_attribute">false</value>
        <value name="field_is_text">false</value>
        <value name="nillable">true</value>
        <value name="form_qualified">false</value>
        <value name="is_global">false</value>
      </record>
      <record javaclass="com.wm.util.Values">
        <value name="node_type">record</value>
        <value name="node_comment"></value>
        <record name="node_hints" javaclass="com.wm.util.Values">
          <null name="field_usereditable"/>
          <value name="field_largerEditor">false</value>
          <value name="field_password">false</value>
        </record>
        <value name="field_name">brokerHost</value>
        <value name="field_type">string</value>
        <value name="field_dim">0</value>
        <value name="field_min">0</value>
        <value name="field_max">1</value>
        <value name="field_enhanced">false</value>
        <value name="field_is_attribute">false</value>
        <value name="field_is_text">false</value>
        <value name="nillable">true</value>
        <value name="form_qualified">false</value>
        <value name="is_global">false</value>
      </record>
      <record javaclass="com.wm.util.Values">
        <value name="node_type">record</value>
        <value name="node_comment"></value>
        <record name="node_hints" javaclass="com.wm.util.Values">
          <null name="field_usereditable"/>
          <value name="field_largerEditor">false</value>
          <value name="field_password">false</value>
        </record>
        <value name="field_name">brokerPort</value>
        <value name="field_type">string</value>
        <value name="field_dim">0</value>
        <value name="field_min">0</value>
        <value name="field_max">1</value>
        <value name="field_enhanced">false</value>
        <value name="field_is_attribute">false</value>
        <value name="field_is_text">false</value>
        <value name="nillable">true</value>
        <value name="form_qualified">false</value>
        <value name="is_global">false</value>
      </record>
      <record javaclass="com.wm.util.Values">
        <value name="node_type">record</value>
        <value name="node_comment"></value>
        <record name="node_hints" javaclass="com.wm.util.Values">
          <null name="field_usereditable"/>
          <value name="field_largerEditor">false</value>
          <value name="field_password">false</value>
        </record>
        <value name="field_name">brokerMonitorPort</value>
        <value name="field_type">string</value>
        <value name="field_dim">0</value>
        <value name="field_min">1</value>
        <value name="field_max">1</value>
        <value name="field_enhanced">false</value>
        <value name="field_is_attribute">false</value>
        <value name="field_is_text">false</value>
        <value name="nillable">true</value>
        <value name="form_qualified">false</value>
        <value name="is_global">false</value>
      </record>
      <record javaclass="com.wm.util.Values">
        <value name="node_type">unknown</value>
        <value name="field_name">$retries</value>
        <value name="field_type">string</value>
        <value name="field_dim">0</value>
        <value name="field_min">1</value>
        <value name="field_max">1</value>
        <value name="field_enhanced">false</value>
        <value name="field_is_attribute">false</value>
        <value name="field_is_text">false</value>
        <value name="nillable">true</value>
        <value name="form_qualified">false</value>
        <value name="is_global">false</value>
      </record>
    </array>
    <value name="modelType">0</value>
  </record>
</Values>
</MAPSOURCE>

  <!-- nodes -->

<MAPCOPY NAME="Link" FROM="/brokerHost;1;0" TO="/broker_host;1;0">
</MAPCOPY>

<MAPCOPY NAME="Link" FROM="/brokerPort;1;0" TO="/server_port;1;0">
</MAPCOPY>

<MAPCOPY NAME="Link" FROM="/brokerMonitorPort;1;0" TO="/monitor_port;1;0">
</MAPCOPY>
</MAP>

<MAP MODE="OUTPUT">
</MAP>
</INVOKE>

<INVOKE TIMEOUT="" SERVICE="pub.flow:debugLog" VALIDATE-IN="$none" VALIDATE-OUT="$none">
  <COMMENT></COMMENT>

  <!-- nodes -->

<MAP MODE="INPUT">
  <MAPTARGET>

<Values version="2.0">
  <record name="xml" javaclass="com.wm.util.Values">
    <value name="node_type">record</value>
    <value name="field_name">debugLogInput</value>
    <value name="field_type">record</value>
    <value name="field_dim">0</value>
    <value name="field_min">1</value>
    <value name="field_max">1</value>
    <value name="field_enhanced">false</value>
    <value name="field_is_attribute">false</value>
    <value name="field_is_text">false</value>
    <value name="nillable">true</value>
    <value name="form_qualified">false</value>
    <value name="is_global">false</value>
    <array name="rec_fields" type="record" depth="1">
      <record javaclass="com.wm.util.Values">
        <value name="node_type">unknown</value>
        <value name="field_name">message</value>
        <value name="field_type">string</value>
        <value name="field_dim">0</value>
        <value name="field_opt">true</value>
        <value name="field_min">0</value>
        <value name="field_max">1</value>
        <value name="field_enhanced">false</value>
        <value name="field_is_attribute">false</value>
        <value name="field_is_text">false</value>
        <value name="nillable">true</value>
        <value name="form_qualified">false</value>
        <value name="is_global">false</value>
      </record>
      <record javaclass="com.wm.util.Values">
        <value name="node_type">unknown</value>
        <value name="field_name">function</value>
        <value name="field_type">string</value>
        <value name="field_dim">0</value>
        <value name="field_opt">true</value>
        <value name="field_min">0</value>
        <value name="field_max">1</value>
        <value name="field_enhanced">false</value>
        <value name="field_is_attribute">false</value>
        <value name="field_is_text">false</value>
        <value name="nillable">true</value>
        <value name="form_qualified">false</value>
        <value name="is_global">false</value>
      </record>
      <record javaclass="com.wm.util.Values">
        <value name="node_type">unknown</value>
        <value name="field_name">level</value>
        <value name="field_type">string</value>
        <value name="field_dim">0</value>
        <value name="field_opt">true</value>
        <array name="field_options" type="value" depth="1">
          <value>Fatal</value>
          <value>Error</value>
          <value>Warn</value>
          <value>Info</value>
          <value>Debug</value>
          <value>Trace</value>
          <value>Off</value>
        </array>
        <value name="field_min">0</value>
        <value name="field_max">1</value>
        <value name="field_enhanced">false</value>
        <value name="field_is_attribute">false</value>
        <value name="field_is_text">false</value>
        <value name="nillable">true</value>
        <value name="form_qualified">false</value>
        <value name="is_global">false</value>
      </record>
    </array>
    <value name="modelType">0</value>
  </record>
</Values>
</MAPTARGET>
  <MAPSOURCE>

<Values version="2.0">
  <record name="xml" javaclass="com.wm.util.Values">
    <value name="node_type">record</value>
    <value name="field_type">record</value>
    <value name="field_dim">0</value>
    <value name="field_min">1</value>
    <value name="field_max">1</value>
    <value name="field_enhanced">false</value>
    <value name="field_is_attribute">false</value>
    <value name="field_is_text">false</value>
    <value name="nillable">true</value>
    <value name="form_qualified">false</value>
    <value name="is_global">false</value>
    <array name="rec_fields" type="record" depth="1">
    </array>
    <value name="modelType">0</value>
  </record>
</Values>
</MAPSOURCE>

  <!-- nodes -->

<MAPSET NAME="Setter" OVERWRITE="true" VARIABLES="true" FIELD="/message;1;0">
  <DATA ENCODING="XMLValues" I18N="true">

<Values version="2.0">
  <value name="xml">Broker start status: %status%</value>
  <record name="type" javaclass="com.wm.util.Values">
    <value name="node_type">unknown</value>
    <value name="field_name">message</value>
    <value name="field_type">string</value>
    <value name="field_dim">0</value>
    <value name="field_opt">true</value>
    <value name="field_min">0</value>
    <value name="field_max">1</value>
    <value name="field_enhanced">false</value>
    <value name="field_is_attribute">false</value>
    <value name="field_is_text">false</value>
    <value name="nillable">true</value>
    <value name="form_qualified">false</value>
    <value name="is_global">false</value>
  </record>
</Values>
</DATA>
</MAPSET>
</MAP>

<MAP MODE="OUTPUT">
</MAP>
</INVOKE>

<BRANCH TIMEOUT="" SWITCH="/status">
  <COMMENT></COMMENT>

  <!-- nodes -->

<SEQUENCE NAME="RUNNING" TIMEOUT="" EXIT-ON="FAILURE">
  <COMMENT></COMMENT>

  <!-- nodes -->

<EXIT FROM="$loop" SIGNAL="SUCCESS" FAILURE-MESSAGE="">
  <COMMENT></COMMENT>
</EXIT>
</SEQUENCE>
</BRANCH>
</RETRY>

<BRANCH TIMEOUT="" SWITCH="/status">
  <COMMENT></COMMENT>

  <!-- nodes -->

<SEQUENCE NAME="RUNNING" TIMEOUT="" EXIT-ON="FAILURE">
  <COMMENT></COMMENT>
</SEQUENCE>

<SEQUENCE NAME="STARTING" TIMEOUT="" EXIT-ON="FAILURE">
  <COMMENT></COMMENT>
</SEQUENCE>

<SEQUENCE NAME="$default" TIMEOUT="" EXIT-ON="FAILURE">
  <COMMENT></COMMENT>

  <!-- nodes -->

<INVOKE TIMEOUT="" SERVICE="pub.flow:debugLog" VALIDATE-IN="$none" VALIDATE-OUT="$none">
  <COMMENT></COMMENT>

  <!-- nodes -->

<MAP MODE="INPUT">
  <MAPTARGET>

<Values version="2.0">
  <record name="xml" javaclass="com.wm.util.Values">
    <value name="node_type">record</value>
    <value name="field_name">debugLogInput</value>
    <value name="field_type">record</value>
    <value name="field_dim">0</value>
    <value name="field_min">1</value>
    <value name="field_max">1</value>
    <value name="field_enhanced">false</value>
    <value name="field_is_attribute">false</value>
    <value name="field_is_text">false</value>
    <value name="nillable">true</value>
    <value name="form_qualified">false</value>
    <value name="is_global">false</value>
    <array name="rec_fields" type="record" depth="1">
      <record javaclass="com.wm.util.Values">
        <value name="node_type">unknown</value>
        <value name="field_name">message</value>
        <value name="field_type">string</value>
        <value name="field_dim">0</value>
        <value name="field_opt">true</value>
        <value name="field_min">0</value>
        <value name="field_max">1</value>
        <value name="field_enhanced">false</value>
        <value name="field_is_attribute">false</value>
        <value name="field_is_text">false</value>
        <value name="nillable">true</value>
        <value name="form_qualified">false</value>
        <value name="is_global">false</value>
      </record>
      <record javaclass="com.wm.util.Values">
        <value name="node_type">unknown</value>
        <value name="field_name">function</value>
        <value name="field_type">string</value>
        <value name="field_dim">0</value>
        <value name="field_opt">true</value>
        <value name="field_min">0</value>
        <value name="field_max">1</value>
        <value name="field_enhanced">false</value>
        <value name="field_is_attribute">false</value>
        <value name="field_is_text">false</value>
        <value name="nillable">true</value>
        <value name="form_qualified">false</value>
        <value name="is_global">false</value>
      </record>
      <record javaclass="com.wm.util.Values">
        <value name="node_type">unknown</value>
        <value name="field_name">level</value>
        <value name="field_type">string</value>
        <value name="field_dim">0</value>
        <value name="field_opt">true</value>
        <array name="field_options" type="value" depth="1">
          <value>Fatal</value>
          <value>Error</value>
          <value>Warn</value>
          <value>Info</value>
          <value>Debug</value>
          <value>Trace</value>
          <value>Off</value>
        </array>
        <value name="field_min">0</value>
        <value name="field_max">1</value>
        <value name="field_enhanced">false</value>
        <value name="field_is_attribute">false</value>
        <value name="field_is_text">false</value>
        <value name="nillable">true</value>
        <value name="form_qualified">false</value>
        <value name="is_global">false</value>
      </record>
    </array>
    <value name="modelType">0</value>
  </record>
</Values>
</MAPTARGET>
  <MAPSOURCE>

<Values version="2.0">
  <record name="xml" javaclass="com.wm.util.Values">
    <value name="node_type">record</value>
    <value name="field_type">record</value>
    <value name="field_dim">0</value>
    <value name="field_min">1</value>
    <value name="field_max">1</value>
    <value name="field_enhanced">false</value>
    <value name="field_is_attribute">false</value>
    <value name="field_is_text">false</value>
    <value name="nillable">true</value>
    <value name="form_qualified">false</value>
    <value name="is_global">false</value>
    <array name="rec_fields" type="record" depth="1">
    </array>
    <value name="modelType">0</value>
  </record>
</Values>
</MAPSOURCE>

  <!-- nodes -->

<MAPSET NAME="Setter" OVERWRITE="true" VARIABLES="true" FIELD="/message;1;0">
  <DATA ENCODING="XMLValues" I18N="true">

<Values version="2.0">
  <value name="xml">*** Exiting $parent: Unable to restart broker on %brokerHost%:%brokerPort% (monitor: %brokerMonitorPort%)</value>
  <record name="type" javaclass="com.wm.util.Values">
    <value name="node_type">unknown</value>
    <value name="field_name">message</value>
    <value name="field_type">string</value>
    <value name="field_dim">0</value>
    <value name="field_opt">true</value>
    <value name="field_min">0</value>
    <value name="field_max">1</value>
    <value name="field_enhanced">false</value>
    <value name="field_is_attribute">false</value>
    <value name="field_is_text">false</value>
    <value name="nillable">true</value>
    <value name="form_qualified">false</value>
    <value name="is_global">false</value>
  </record>
</Values>
</DATA>
</MAPSET>
</MAP>

<MAP MODE="OUTPUT">
</MAP>
</INVOKE>

<EXIT FROM="$parent" SIGNAL="SUCCESS" FAILURE-MESSAGE="Unable to restart broker">
  <COMMENT></COMMENT>
</EXIT>
</SEQUENCE>
</BRANCH>

<MAP MODE="STANDALONE">
  <COMMENT></COMMENT>
  <MAPTARGET>

<Values version="2.0">
  <record name="xml" javaclass="com.wm.util.Values">
    <value name="node_type">record</value>
    <value name="field_type">record</value>
    <value name="field_dim">0</value>
    <value name="field_min">1</value>
    <value name="field_max">1</value>
    <value name="field_enhanced">false</value>
    <value name="field_is_attribute">false</value>
    <value name="field_is_text">false</value>
    <value name="nillable">true</value>
    <value name="form_qualified">false</value>
    <value name="is_global">false</value>
    <array name="rec_fields" type="record" depth="1">
    </array>
    <value name="modelType">0</value>
  </record>
</Values>
</MAPTARGET>
  <MAPSOURCE>

<Values version="2.0">
  <record name="xml" javaclass="com.wm.util.Values">
    <value name="node_type">record</value>
    <value name="field_type">record</value>
    <value name="field_dim">0</value>
    <value name="field_min">1</value>
    <value name="field_max">1</value>
    <value name="field_enhanced">false</value>
    <value name="field_is_attribute">false</value>
    <value name="field_is_text">false</value>
    <value name="nillable">true</value>
    <value name="form_qualified">false</value>
    <value name="is_global">false</value>
    <array name="rec_fields" type="record" depth="1">
      <record javaclass="com.wm.util.Values">
        <value name="node_type">unknown</value>
        <value name="field_name">broker_host</value>
        <value name="field_type">string</value>
        <value name="field_dim">0</value>
        <value name="field_min">1</value>
        <value name="field_max">1</value>
        <value name="field_enhanced">false</value>
        <value name="field_is_attribute">false</value>
        <value name="field_is_text">false</value>
        <value name="nillable">true</value>
        <value name="form_qualified">false</value>
        <value name="is_global">false</value>
      </record>
      <record javaclass="com.wm.util.Values">
        <value name="node_type">unknown</value>
        <value name="field_name">server_port</value>
        <value name="field_type">string</value>
        <value name="field_dim">0</value>
        <value name="field_min">1</value>
        <value name="field_max">1</value>
        <value name="field_enhanced">false</value>
        <value name="field_is_attribute">false</value>
        <value name="field_is_text">false</value>
        <value name="nillable">true</value>
        <value name="form_qualified">false</value>
        <value name="is_global">false</value>
      </record>
      <record javaclass="com.wm.util.Values">
        <value name="node_type">unknown</value>
        <value name="field_name">monitor_port</value>
        <value name="field_type">string</value>
        <value name="field_dim">0</value>
        <value name="field_min">1</value>
        <value name="field_max">1</value>
        <value name="field_enhanced">false</value>
        <value name="field_is_attribute">false</value>
        <value name="field_is_text">false</value>
        <value name="nillable">true</value>
        <value name="form_qualified">false</value>
        <value name="is_global">false</value>
      </record>
      <record javaclass="com.wm.util.Values">
        <value name="node_type">unknown</value>
        <value name="field_name">message</value>
        <value name="field_type">string</value>
        <value name="field_dim">0</value>
        <value name="field_min">1</value>
        <value name="field_max">1</value>
        <value name="field_enhanced">false</value>
        <value name="field_is_attribute">false</value>
        <value name="field_is_text">false</value>
        <value name="nillable">true</value>
        <value name="form_qualified">false</value>
        <value name="is_global">false</value>
      </record>
      <record javaclass="com.wm.util.Values">
        <value name="node_type">record</value>
        <value name="field_name">brokerHost</value>
        <value name="field_type">string</value>
        <value name="field_dim">0</value>
        <value name="field_min">1</value>
        <value name="field_max">1</value>
        <value name="field_enhanced">false</value>
        <value name="field_is_attribute">false</value>
        <value name="field_is_text">false</value>
        <value name="nillable">true</value>
        <value name="form_qualified">false</value>
        <value name="is_global">false</value>
      </record>
      <record javaclass="com.wm.util.Values">
        <value name="node_type">record</value>
        <value name="field_name">brokerPort</value>
        <value name="field_type">string</value>
        <value name="field_dim">0</value>
        <value name="field_min">1</value>
        <value name="field_max">1</value>
        <value name="field_enhanced">false</value>
        <value name="field_is_attribute">false</value>
        <value name="field_is_text">false</value>
        <value name="nillable">true</value>
        <value name="form_qualified">false</value>
        <value name="is_global">false</value>
      </record>
      <record javaclass="com.wm.util.Values">
        <value name="node_type">unknown</value>
        <value name="field_name">commandOutput</value>
        <value name="field_type">string</value>
        <value name="field_dim">0</value>
        <value name="field_min">1</value>
        <value name="field_max">1</value>
        <value name="field_enhanced">false</value>
        <value name="field_is_attribute">false</value>
        <value name="field_is_text">false</value>
        <value name="nillable">true</value>
        <value name="form_qualified">false</value>
        <value name="is_global">false</value>
      </record>
      <record javaclass="com.wm.util.Values">
        <value name="node_type">record</value>
        <value name="node_comment"></value>
        <record name="node_hints" javaclass="com.wm.util.Values">
          <null name="field_usereditable"/>
          <value name="field_largerEditor">false</value>
          <value name="field_password">false</value>
        </record>
        <value name="field_name">brokerMonitorPort</value>
        <value name="field_type">string</value>
        <value name="field_dim">0</value>
        <value name="field_min">1</value>
        <value name="field_max">1</value>
        <value name="field_enhanced">false</value>
        <value name="field_is_attribute">false</value>
        <value name="field_is_text">false</value>
        <value name="nillable">true</value>
        <value name="form_qualified">false</value>
        <value name="is_global">false</value>
      </record>
      <record javaclass="com.wm.util.Values">
        <value name="node_type">record</value>
        <value name="node_comment"></value>
        <record name="node_hints" javaclass="com.wm.util.Values">
          <null name="field_usereditable"/>
          <value name="field_largerEditor">false</value>
          <value name="field_password">false</value>
        </record>
        <value name="field_name">status</value>
        <value name="field_type">string</value>
        <value name="field_dim">0</value>
        <value name="field_min">1</value>
        <value name="field_max">1</value>
        <value name="field_enhanced">false</value>
        <value name="field_is_attribute">false</value>
        <value name="field_is_text">false</value>
        <value name="nillable">true</value>
        <value name="form_qualified">false</value>
        <value name="is_global">false</value>
      </record>
    </array>
    <value name="modelType">0</value>
  </record>
</Values>
</MAPSOURCE>

  <!-- nodes -->

<MAPDELETE NAME="Dropper" FIELD="/message;1;0">
</MAPDELETE>

<MAPDELETE NAME="Dropper" FIELD="/brokerHost;1;0">
</MAPDELETE>

<MAPDELETE NAME="Dropper" FIELD="/brokerPort;1;0">
</MAPDELETE>

<MAPDELETE NAME="Dropper" FIELD="/commandOutput;1;0">
</MAPDELETE>

<MAPDELETE NAME="Dropper" FIELD="/brokerMonitorPort;1;0">
</MAPDELETE>
</MAP>
</FLOW>
