<?xml version="1.0" encoding="UTF-8"?>

<FLOW VERSION="3.0" CLEANUP="true">

  <!-- nodes -->

<INVOKE TIMEOUT="" SERVICE="SFTP.utils:removeAllSFTPUserAlias" VALIDATE-IN="$none" VALIDATE-OUT="$none">
  <COMMENT>cleanup</COMMENT>
</INVOKE>

<INVOKE TIMEOUT="" SERVICE="SFTP.utils:removeAllSFTPServerAlias" VALIDATE-IN="$none" VALIDATE-OUT="$none">
  <COMMENT>cleanup</COMMENT>
</INVOKE>

<INVOKE TIMEOUT="" SERVICE="SFTP.svc:addSFTPServerAlias" VALIDATE-IN="$none" VALIDATE-OUT="$none">
  <COMMENT></COMMENT>

  <!-- nodes -->

<MAP MODE="INPUT">
</MAP>
</INVOKE>

<INVOKE TIMEOUT="" SERVICE="SFTP.svc:addSFTPUserAlias" VALIDATE-IN="$none" VALIDATE-OUT="$none">
  <COMMENT></COMMENT>
</INVOKE>

<MAP TIMEOUT="" MODE="STANDALONE">
  <COMMENT>cleanup pipeline</COMMENT>

  <!-- nodes -->

<MAPDELETE FIELD="/SFTPServerAliases;2;1">
</MAPDELETE>

<MAPDELETE FIELD="/CreateSFTPUserAlias;2;0">
</MAPDELETE>

<MAPDELETE FIELD="/CreateSftpServerAlias;2;0">
</MAPDELETE>
</MAP>
</FLOW>
