<?xml version="1.0" encoding="US-ASCII"?>
<SoftwareAG_License>
<Component Id="SalesInfo">
<SerialNumber>0000020104</SerialNumber>
<LicenseKey>7E75A30B0AFB56CAB70EDE1B5856E8CD</LicenseKey>
<CustomerID>123</CustomerID>
<CustomerName>Internal</CustomerName>
<PartnerID>Intentionally VOID &#8211; change if necessary</PartnerID>
<PartnerName>Intentionally VOID &#8211; change if necessary</PartnerName>
</Component>
<Component Id="ProductInfo">
<ExpirationDate>Unlimited</ExpirationDate>
<OS>WinVista, winxp_pro, w2003, w2008, win7_pro</OS>
<ProductCode>PIE</ProductCode>
<ProductID>PIE82FSETWIN</ProductID>
<ProductName>wM Integration Server</ProductName>
<ProductVersion>8.2</ProductVersion>
<Usage>Production</Usage>
</Component>
<Component Id="Integration Server">
<ProductCode>PIE</ProductCode>
<ProductVersion>8.2</ProductVersion>
<ConcurrentSessions>Unlimited</ConcurrentSessions>
<Clustering>yes</Clustering>
<PubSub>yes</PubSub>
<ART>yes</ART>
<RemoteInvoke>yes</RemoteInvoke>
<GuaranteedDelivery>yes</GuaranteedDelivery>
<SecurityAuditing>yes</SecurityAuditing>
<ReverseGateway>yes</ReverseGateway>
<DistributedCache>yes</DistributedCache>
</Component>
<Component Id="LicenseInfo">
<PriceUnit>SCP</PriceUnit>
<PriceQuantity>1</PriceQuantity>
<LicenseType>Standard License</LicenseType>
<ExtendedRights/>
<LicenseVersion>1.2</LicenseVersion>
</Component>
<Component Id="Trading Networks">
<ProductCode/>
<MaxPartners>Unlimited</MaxPartners>
</Component>
</SoftwareAG_License>