<?xml version="1.0" encoding="US-ASCII"?>
<SoftwareAG_License>
<Component Id="SalesInfo">
<SerialNumber>0000021065</SerialNumber>
<LicenseKey>72FDFE4C75026B6265C5FED922B1EAE0</LicenseKey>
<CustomerID>Intentionally VOID &#8211; change if necessary</CustomerID>
<CustomerName>Intentionally VOID &#8211; change if necessary</CustomerName>
<ContractDetails>n/a</ContractDetails>
<LicenseTypeDetails>External</LicenseTypeDetails>
</Component>
<Component Id="ProductInfo">
<ExpirationDate>Unlimited</ExpirationDate>
<OS>w2008, win7_pro</OS>
<ProductCode>PIE</ProductCode>
<ProductID></ProductID>
<ProductName>wM Integration Server</ProductName>
<ProductVersion>9.0</ProductVersion>
<Usage>Production</Usage>
</Component>
<Component Id="Integration Server">
<ProductCode>PIE</ProductCode>
<ProductVersion>9.0</ProductVersion>
<ConcurrentSessions>Unlimited</ConcurrentSessions>
<Clustering>yes</Clustering>
<PubSub>yes</PubSub>
<ART>yes</ART>
<RemoteInvoke>yes</RemoteInvoke>
<GuaranteedDelivery>yes</GuaranteedDelivery>
<SecurityAuditing>yes</SecurityAuditing>
<ReverseGateway>yes</ReverseGateway>
<DistributedCache>yes</DistributedCache>
<MobileGateway>yes</MobileGateway>
</Component>
<Component Id="Trading Networks">
<ProductCode></ProductCode>
<MaxPartners>Unlimited</MaxPartners>
</Component>
<Component Id="LicenseInfo">
<LicenseType>Standard License</LicenseType>
<PriceUnit>SCP</PriceUnit>
<PriceQuantity>0</PriceQuantity>
<ExtendedRights></ExtendedRights>
<LicenseVersion>1.2</LicenseVersion>
</Component>
</SoftwareAG_License>
