<?xml version="1.0" encoding="UTF-8"?>

<FLOW VERSION="3.0" CLEANUP="true">
  <COMMENT></COMMENT>

  <!-- nodes -->

<INVOKE TIMEOUT="" SERVICE="wm.server.dispatcher.adminui:setBrokerSettings" VALIDATE-IN="$none" VALIDATE-OUT="$none">
  <COMMENT></COMMENT>

  <!-- nodes -->

<MAP MODE="INPUT">
</MAP>

<MAP MODE="OUTPUT">
</MAP>
</INVOKE>

<INVOKE TIMEOUT="" SERVICE="Settings.Messaging:setMonitorPort" VALIDATE-IN="$none" VALIDATE-OUT="$none">
  <COMMENT></COMMENT>

  <!-- nodes -->

<MAP MODE="INPUT">
  <MAPTARGET>

<Values version="2.0">
  <record name="xml" javaclass="com.wm.util.Values">
    <value name="node_type">record</value>
    <value name="field_type">record</value>
    <value name="field_dim">0</value>
    <value name="field_min">1</value>
    <value name="field_max">1</value>
    <value name="field_enhanced">false</value>
    <value name="field_is_attribute">false</value>
    <value name="field_is_text">false</value>
    <value name="nillable">true</value>
    <value name="form_qualified">false</value>
    <value name="is_global">false</value>
    <array name="rec_fields" type="record" depth="1">
      <record javaclass="com.wm.util.Values">
        <value name="node_type">record</value>
        <value name="node_comment"></value>
        <record name="node_hints" javaclass="com.wm.util.Values">
          <null name="field_usereditable"/>
          <value name="field_largerEditor">false</value>
          <value name="field_password">false</value>
        </record>
        <value name="field_name">monitorPort</value>
        <value name="field_type">string</value>
        <value name="field_dim">0</value>
        <value name="field_min">1</value>
        <value name="field_max">1</value>
        <value name="field_enhanced">false</value>
        <value name="field_is_attribute">false</value>
        <value name="field_is_text">false</value>
        <value name="nillable">true</value>
        <value name="form_qualified">false</value>
        <value name="is_global">false</value>
      </record>
    </array>
    <value name="modelType">0</value>
  </record>
</Values>
</MAPTARGET>
  <MAPSOURCE>

<Values version="2.0">
  <record name="xml" javaclass="com.wm.util.Values">
    <value name="node_type">record</value>
    <value name="field_type">record</value>
    <value name="field_dim">0</value>
    <value name="field_min">1</value>
    <value name="field_max">1</value>
    <value name="field_enhanced">false</value>
    <value name="field_is_attribute">false</value>
    <value name="field_is_text">false</value>
    <value name="nillable">true</value>
    <value name="form_qualified">false</value>
    <value name="is_global">false</value>
    <array name="rec_fields" type="record" depth="1">
      <record javaclass="com.wm.util.Values">
        <value name="node_type">record</value>
        <value name="node_comment"></value>
        <record name="node_hints" javaclass="com.wm.util.Values">
          <null name="field_usereditable"/>
          <value name="field_largerEditor">false</value>
          <value name="field_password">false</value>
        </record>
        <value name="field_name">brokerMonitorPort</value>
        <value name="field_type">string</value>
        <value name="field_dim">0</value>
        <value name="field_min">1</value>
        <value name="field_max">1</value>
        <value name="field_enhanced">false</value>
        <value name="field_is_attribute">false</value>
        <value name="field_is_text">false</value>
        <value name="nillable">true</value>
        <value name="form_qualified">false</value>
        <value name="is_global">false</value>
      </record>
      <record javaclass="com.wm.util.Values">
        <value name="node_type">record</value>
        <value name="node_comment"></value>
        <record name="node_hints" javaclass="com.wm.util.Values">
          <null name="field_usereditable"/>
          <value name="field_largerEditor">false</value>
          <value name="field_password">false</value>
        </record>
        <value name="field_name">BROKERCONFIGURATION</value>
        <value name="field_type">string</value>
        <value name="field_dim">0</value>
        <value name="field_min">1</value>
        <value name="field_max">1</value>
        <value name="field_enhanced">false</value>
        <value name="field_is_attribute">false</value>
        <value name="field_is_text">false</value>
        <value name="nillable">true</value>
        <value name="form_qualified">false</value>
        <value name="is_global">false</value>
      </record>
      <record javaclass="com.wm.util.Values">
        <value name="node_type">record</value>
        <value name="node_comment"></value>
        <record name="node_hints" javaclass="com.wm.util.Values">
          <null name="field_usereditable"/>
          <value name="field_largerEditor">false</value>
          <value name="field_password">false</value>
        </record>
        <value name="field_name">isChanged</value>
        <value name="field_type">string</value>
        <value name="field_dim">0</value>
        <value name="field_min">1</value>
        <value name="field_max">1</value>
        <value name="field_enhanced">false</value>
        <value name="field_is_attribute">false</value>
        <value name="field_is_text">false</value>
        <value name="nillable">true</value>
        <value name="form_qualified">false</value>
        <value name="is_global">false</value>
      </record>
      <record javaclass="com.wm.util.Values">
        <value name="node_type">record</value>
        <value name="node_comment"></value>
        <record name="node_hints" javaclass="com.wm.util.Values">
          <null name="field_usereditable"/>
          <value name="field_largerEditor">false</value>
          <value name="field_password">false</value>
        </record>
        <value name="field_name">brokerHost</value>
        <value name="field_type">string</value>
        <value name="field_dim">0</value>
        <value name="field_min">1</value>
        <value name="field_max">1</value>
        <value name="field_enhanced">false</value>
        <value name="field_is_attribute">false</value>
        <value name="field_is_text">false</value>
        <value name="nillable">true</value>
        <value name="form_qualified">false</value>
        <value name="is_global">false</value>
      </record>
      <record javaclass="com.wm.util.Values">
        <value name="node_type">record</value>
        <value name="field_name">brokerName</value>
        <value name="field_type">string</value>
        <value name="field_dim">0</value>
        <value name="field_min">1</value>
        <value name="field_max">1</value>
        <value name="field_enhanced">false</value>
        <value name="field_is_attribute">false</value>
        <value name="field_is_text">false</value>
        <value name="nillable">true</value>
        <value name="form_qualified">false</value>
        <value name="is_global">false</value>
      </record>
      <record javaclass="com.wm.util.Values">
        <value name="node_type">record</value>
        <value name="field_name">CLIENTPREFIX</value>
        <value name="field_type">string</value>
        <value name="field_dim">0</value>
        <value name="field_min">1</value>
        <value name="field_max">1</value>
        <value name="field_enhanced">false</value>
        <value name="field_is_attribute">false</value>
        <value name="field_is_text">false</value>
        <value name="nillable">true</value>
        <value name="form_qualified">false</value>
        <value name="is_global">false</value>
      </record>
      <record javaclass="com.wm.util.Values">
        <value name="node_type">record</value>
        <value name="node_comment"></value>
        <record name="node_hints" javaclass="com.wm.util.Values">
          <null name="field_usereditable"/>
          <value name="field_largerEditor">false</value>
          <value name="field_password">false</value>
        </record>
        <value name="field_name">clientGroupName</value>
        <value name="field_type">string</value>
        <value name="field_dim">0</value>
        <value name="field_min">1</value>
        <value name="field_max">1</value>
        <value name="field_enhanced">false</value>
        <value name="field_is_attribute">false</value>
        <value name="field_is_text">false</value>
        <value name="nillable">true</value>
        <value name="form_qualified">false</value>
        <value name="is_global">false</value>
      </record>
      <record javaclass="com.wm.util.Values">
        <value name="node_type">record</value>
        <value name="node_comment"></value>
        <record name="node_hints" javaclass="com.wm.util.Values">
          <null name="field_usereditable"/>
          <value name="field_largerEditor">false</value>
          <value name="field_password">false</value>
        </record>
        <value name="field_name">isConnected</value>
        <value name="field_type">string</value>
        <value name="field_dim">0</value>
        <value name="field_min">1</value>
        <value name="field_max">1</value>
        <value name="field_enhanced">false</value>
        <value name="field_is_attribute">false</value>
        <value name="field_is_text">false</value>
        <value name="nillable">true</value>
        <value name="form_qualified">false</value>
        <value name="is_global">false</value>
      </record>
      <record javaclass="com.wm.util.Values">
        <value name="node_type">record</value>
        <value name="node_comment"></value>
        <record name="node_hints" javaclass="com.wm.util.Values">
          <null name="field_usereditable"/>
          <value name="field_largerEditor">false</value>
          <value name="field_password">false</value>
        </record>
        <value name="field_name">isEncrypted</value>
        <value name="field_type">string</value>
        <value name="field_dim">0</value>
        <value name="field_min">1</value>
        <value name="field_max">1</value>
        <value name="field_enhanced">false</value>
        <value name="field_is_attribute">false</value>
        <value name="field_is_text">false</value>
        <value name="nillable">true</value>
        <value name="form_qualified">false</value>
        <value name="is_global">false</value>
      </record>
      <record javaclass="com.wm.util.Values">
        <value name="node_type">record</value>
        <value name="field_name">password</value>
        <value name="field_type">string</value>
        <value name="field_dim">0</value>
        <value name="field_min">1</value>
        <value name="field_max">1</value>
        <value name="field_enhanced">false</value>
        <value name="field_is_attribute">false</value>
        <value name="field_is_text">false</value>
        <value name="nillable">true</value>
        <value name="form_qualified">false</value>
        <value name="is_global">false</value>
      </record>
      <record javaclass="com.wm.util.Values">
        <value name="node_type">record</value>
        <value name="field_name">useSSL</value>
        <value name="field_type">string</value>
        <value name="field_dim">0</value>
        <value name="field_min">1</value>
        <value name="field_max">1</value>
        <value name="field_enhanced">false</value>
        <value name="field_is_attribute">false</value>
        <value name="field_is_text">false</value>
        <value name="nillable">true</value>
        <value name="form_qualified">false</value>
        <value name="is_global">false</value>
      </record>
      <record javaclass="com.wm.util.Values">
        <value name="node_type">record</value>
        <value name="node_comment"></value>
        <record name="node_hints" javaclass="com.wm.util.Values">
          <null name="field_usereditable"/>
          <value name="field_largerEditor">false</value>
          <value name="field_password">false</value>
        </record>
        <value name="field_name">certfile</value>
        <value name="field_type">string</value>
        <value name="field_dim">0</value>
        <value name="field_min">1</value>
        <value name="field_max">1</value>
        <value name="field_enhanced">false</value>
        <value name="field_is_attribute">false</value>
        <value name="field_is_text">false</value>
        <value name="nillable">true</value>
        <value name="form_qualified">false</value>
        <value name="is_global">false</value>
      </record>
      <record javaclass="com.wm.util.Values">
        <value name="node_type">record</value>
        <value name="node_comment"></value>
        <record name="node_hints" javaclass="com.wm.util.Values">
          <null name="field_usereditable"/>
          <value name="field_largerEditor">false</value>
          <value name="field_password">false</value>
        </record>
        <value name="field_name">certfileType</value>
        <value name="field_type">string</value>
        <value name="field_dim">0</value>
        <value name="field_min">1</value>
        <value name="field_max">1</value>
        <value name="field_enhanced">false</value>
        <value name="field_is_attribute">false</value>
        <value name="field_is_text">false</value>
        <value name="nillable">true</value>
        <value name="form_qualified">false</value>
        <value name="is_global">false</value>
      </record>
      <record javaclass="com.wm.util.Values">
        <value name="node_type">record</value>
        <value name="node_comment"></value>
        <record name="node_hints" javaclass="com.wm.util.Values">
          <null name="field_usereditable"/>
          <value name="field_largerEditor">false</value>
          <value name="field_password">false</value>
        </record>
        <value name="field_name">truststore</value>
        <value name="field_type">string</value>
        <value name="field_dim">0</value>
        <value name="field_min">1</value>
        <value name="field_max">1</value>
        <value name="field_enhanced">false</value>
        <value name="field_is_attribute">false</value>
        <value name="field_is_text">false</value>
        <value name="nillable">true</value>
        <value name="form_qualified">false</value>
        <value name="is_global">false</value>
      </record>
      <record javaclass="com.wm.util.Values">
        <value name="node_type">record</value>
        <value name="node_comment"></value>
        <record name="node_hints" javaclass="com.wm.util.Values">
          <null name="field_usereditable"/>
          <value name="field_largerEditor">false</value>
          <value name="field_password">false</value>
        </record>
        <value name="field_name">truststoreType</value>
        <value name="field_type">string</value>
        <value name="field_dim">0</value>
        <value name="field_min">1</value>
        <value name="field_max">1</value>
        <value name="field_enhanced">false</value>
        <value name="field_is_attribute">false</value>
        <value name="field_is_text">false</value>
        <value name="nillable">true</value>
        <value name="form_qualified">false</value>
        <value name="is_global">false</value>
      </record>
    </array>
    <value name="modelType">0</value>
  </record>
</Values>
</MAPSOURCE>

  <!-- nodes -->

<MAPCOPY NAME="Link" FROM="/brokerMonitorPort;1;0" TO="/monitorPort;1;0">
</MAPCOPY>
</MAP>

<MAP MODE="OUTPUT">
  <MAPTARGET>

<Values version="2.0">
  <record name="xml" javaclass="com.wm.util.Values">
    <value name="node_type">record</value>
    <value name="field_type">record</value>
    <value name="field_dim">0</value>
    <value name="field_min">1</value>
    <value name="field_max">1</value>
    <value name="field_enhanced">false</value>
    <value name="field_is_attribute">false</value>
    <value name="field_is_text">false</value>
    <value name="nillable">true</value>
    <value name="form_qualified">false</value>
    <value name="is_global">false</value>
    <array name="rec_fields" type="record" depth="1">
      <record javaclass="com.wm.util.Values">
        <value name="node_type">unknown</value>
        <value name="field_name">monitorPort</value>
        <value name="field_type">string</value>
        <value name="field_dim">0</value>
        <value name="field_min">1</value>
        <value name="field_max">1</value>
        <value name="field_enhanced">false</value>
        <value name="field_is_attribute">false</value>
        <value name="field_is_text">false</value>
        <value name="nillable">true</value>
        <value name="form_qualified">false</value>
        <value name="is_global">false</value>
      </record>
      <record javaclass="com.wm.util.Values">
        <value name="node_type">record</value>
        <value name="node_comment"></value>
        <record name="node_hints" javaclass="com.wm.util.Values">
          <null name="field_usereditable"/>
          <value name="field_largerEditor">false</value>
          <value name="field_password">false</value>
        </record>
        <value name="field_name">brokerMonitorPort</value>
        <value name="field_type">string</value>
        <value name="field_dim">0</value>
        <value name="field_min">1</value>
        <value name="field_max">1</value>
        <value name="field_enhanced">false</value>
        <value name="field_is_attribute">false</value>
        <value name="field_is_text">false</value>
        <value name="nillable">true</value>
        <value name="form_qualified">false</value>
        <value name="is_global">false</value>
      </record>
      <record javaclass="com.wm.util.Values">
        <value name="node_type">record</value>
        <value name="node_comment"></value>
        <record name="node_hints" javaclass="com.wm.util.Values">
          <null name="field_usereditable"/>
          <value name="field_largerEditor">false</value>
          <value name="field_password">false</value>
        </record>
        <value name="field_name">BROKERCONFIGURATION</value>
        <value name="field_type">string</value>
        <value name="field_dim">0</value>
        <value name="field_min">1</value>
        <value name="field_max">1</value>
        <value name="field_enhanced">false</value>
        <value name="field_is_attribute">false</value>
        <value name="field_is_text">false</value>
        <value name="nillable">true</value>
        <value name="form_qualified">false</value>
        <value name="is_global">false</value>
      </record>
      <record javaclass="com.wm.util.Values">
        <value name="node_type">record</value>
        <value name="node_comment"></value>
        <record name="node_hints" javaclass="com.wm.util.Values">
          <null name="field_usereditable"/>
          <value name="field_largerEditor">false</value>
          <value name="field_password">false</value>
        </record>
        <value name="field_name">isChanged</value>
        <value name="field_type">string</value>
        <value name="field_dim">0</value>
        <value name="field_min">1</value>
        <value name="field_max">1</value>
        <value name="field_enhanced">false</value>
        <value name="field_is_attribute">false</value>
        <value name="field_is_text">false</value>
        <value name="nillable">true</value>
        <value name="form_qualified">false</value>
        <value name="is_global">false</value>
      </record>
      <record javaclass="com.wm.util.Values">
        <value name="node_type">record</value>
        <value name="node_comment"></value>
        <record name="node_hints" javaclass="com.wm.util.Values">
          <null name="field_usereditable"/>
          <value name="field_largerEditor">false</value>
          <value name="field_password">false</value>
        </record>
        <value name="field_name">brokerHost</value>
        <value name="field_type">string</value>
        <value name="field_dim">0</value>
        <value name="field_min">1</value>
        <value name="field_max">1</value>
        <value name="field_enhanced">false</value>
        <value name="field_is_attribute">false</value>
        <value name="field_is_text">false</value>
        <value name="nillable">true</value>
        <value name="form_qualified">false</value>
        <value name="is_global">false</value>
      </record>
      <record javaclass="com.wm.util.Values">
        <value name="node_type">record</value>
        <value name="field_name">brokerName</value>
        <value name="field_type">string</value>
        <value name="field_dim">0</value>
        <value name="field_min">1</value>
        <value name="field_max">1</value>
        <value name="field_enhanced">false</value>
        <value name="field_is_attribute">false</value>
        <value name="field_is_text">false</value>
        <value name="nillable">true</value>
        <value name="form_qualified">false</value>
        <value name="is_global">false</value>
      </record>
      <record javaclass="com.wm.util.Values">
        <value name="node_type">record</value>
        <value name="field_name">CLIENTPREFIX</value>
        <value name="field_type">string</value>
        <value name="field_dim">0</value>
        <value name="field_min">1</value>
        <value name="field_max">1</value>
        <value name="field_enhanced">false</value>
        <value name="field_is_attribute">false</value>
        <value name="field_is_text">false</value>
        <value name="nillable">true</value>
        <value name="form_qualified">false</value>
        <value name="is_global">false</value>
      </record>
      <record javaclass="com.wm.util.Values">
        <value name="node_type">record</value>
        <value name="node_comment"></value>
        <record name="node_hints" javaclass="com.wm.util.Values">
          <null name="field_usereditable"/>
          <value name="field_largerEditor">false</value>
          <value name="field_password">false</value>
        </record>
        <value name="field_name">clientGroupName</value>
        <value name="field_type">string</value>
        <value name="field_dim">0</value>
        <value name="field_min">1</value>
        <value name="field_max">1</value>
        <value name="field_enhanced">false</value>
        <value name="field_is_attribute">false</value>
        <value name="field_is_text">false</value>
        <value name="nillable">true</value>
        <value name="form_qualified">false</value>
        <value name="is_global">false</value>
      </record>
      <record javaclass="com.wm.util.Values">
        <value name="node_type">record</value>
        <value name="node_comment"></value>
        <record name="node_hints" javaclass="com.wm.util.Values">
          <null name="field_usereditable"/>
          <value name="field_largerEditor">false</value>
          <value name="field_password">false</value>
        </record>
        <value name="field_name">isConnected</value>
        <value name="field_type">string</value>
        <value name="field_dim">0</value>
        <value name="field_min">1</value>
        <value name="field_max">1</value>
        <value name="field_enhanced">false</value>
        <value name="field_is_attribute">false</value>
        <value name="field_is_text">false</value>
        <value name="nillable">true</value>
        <value name="form_qualified">false</value>
        <value name="is_global">false</value>
      </record>
      <record javaclass="com.wm.util.Values">
        <value name="node_type">record</value>
        <value name="node_comment"></value>
        <record name="node_hints" javaclass="com.wm.util.Values">
          <null name="field_usereditable"/>
          <value name="field_largerEditor">false</value>
          <value name="field_password">false</value>
        </record>
        <value name="field_name">isEncrypted</value>
        <value name="field_type">string</value>
        <value name="field_dim">0</value>
        <value name="field_min">1</value>
        <value name="field_max">1</value>
        <value name="field_enhanced">false</value>
        <value name="field_is_attribute">false</value>
        <value name="field_is_text">false</value>
        <value name="nillable">true</value>
        <value name="form_qualified">false</value>
        <value name="is_global">false</value>
      </record>
      <record javaclass="com.wm.util.Values">
        <value name="node_type">record</value>
        <value name="field_name">password</value>
        <value name="field_type">string</value>
        <value name="field_dim">0</value>
        <value name="field_min">1</value>
        <value name="field_max">1</value>
        <value name="field_enhanced">false</value>
        <value name="field_is_attribute">false</value>
        <value name="field_is_text">false</value>
        <value name="nillable">true</value>
        <value name="form_qualified">false</value>
        <value name="is_global">false</value>
      </record>
      <record javaclass="com.wm.util.Values">
        <value name="node_type">record</value>
        <value name="field_name">useSSL</value>
        <value name="field_type">string</value>
        <value name="field_dim">0</value>
        <value name="field_min">1</value>
        <value name="field_max">1</value>
        <value name="field_enhanced">false</value>
        <value name="field_is_attribute">false</value>
        <value name="field_is_text">false</value>
        <value name="nillable">true</value>
        <value name="form_qualified">false</value>
        <value name="is_global">false</value>
      </record>
      <record javaclass="com.wm.util.Values">
        <value name="node_type">record</value>
        <value name="node_comment"></value>
        <record name="node_hints" javaclass="com.wm.util.Values">
          <null name="field_usereditable"/>
          <value name="field_largerEditor">false</value>
          <value name="field_password">false</value>
        </record>
        <value name="field_name">certfile</value>
        <value name="field_type">string</value>
        <value name="field_dim">0</value>
        <value name="field_min">1</value>
        <value name="field_max">1</value>
        <value name="field_enhanced">false</value>
        <value name="field_is_attribute">false</value>
        <value name="field_is_text">false</value>
        <value name="nillable">true</value>
        <value name="form_qualified">false</value>
        <value name="is_global">false</value>
      </record>
      <record javaclass="com.wm.util.Values">
        <value name="node_type">record</value>
        <value name="node_comment"></value>
        <record name="node_hints" javaclass="com.wm.util.Values">
          <null name="field_usereditable"/>
          <value name="field_largerEditor">false</value>
          <value name="field_password">false</value>
        </record>
        <value name="field_name">certfileType</value>
        <value name="field_type">string</value>
        <value name="field_dim">0</value>
        <value name="field_min">1</value>
        <value name="field_max">1</value>
        <value name="field_enhanced">false</value>
        <value name="field_is_attribute">false</value>
        <value name="field_is_text">false</value>
        <value name="nillable">true</value>
        <value name="form_qualified">false</value>
        <value name="is_global">false</value>
      </record>
      <record javaclass="com.wm.util.Values">
        <value name="node_type">record</value>
        <value name="node_comment"></value>
        <record name="node_hints" javaclass="com.wm.util.Values">
          <null name="field_usereditable"/>
          <value name="field_largerEditor">false</value>
          <value name="field_password">false</value>
        </record>
        <value name="field_name">truststore</value>
        <value name="field_type">string</value>
        <value name="field_dim">0</value>
        <value name="field_min">1</value>
        <value name="field_max">1</value>
        <value name="field_enhanced">false</value>
        <value name="field_is_attribute">false</value>
        <value name="field_is_text">false</value>
        <value name="nillable">true</value>
        <value name="form_qualified">false</value>
        <value name="is_global">false</value>
      </record>
      <record javaclass="com.wm.util.Values">
        <value name="node_type">record</value>
        <value name="node_comment"></value>
        <record name="node_hints" javaclass="com.wm.util.Values">
          <null name="field_usereditable"/>
          <value name="field_largerEditor">false</value>
          <value name="field_password">false</value>
        </record>
        <value name="field_name">truststoreType</value>
        <value name="field_type">string</value>
        <value name="field_dim">0</value>
        <value name="field_min">1</value>
        <value name="field_max">1</value>
        <value name="field_enhanced">false</value>
        <value name="field_is_attribute">false</value>
        <value name="field_is_text">false</value>
        <value name="nillable">true</value>
        <value name="form_qualified">false</value>
        <value name="is_global">false</value>
      </record>
    </array>
    <value name="modelType">0</value>
  </record>
</Values>
</MAPTARGET>
  <MAPSOURCE>

<Values version="2.0">
  <record name="xml" javaclass="com.wm.util.Values">
    <value name="node_type">record</value>
    <value name="field_type">record</value>
    <value name="field_dim">0</value>
    <value name="field_min">1</value>
    <value name="field_max">1</value>
    <value name="field_enhanced">false</value>
    <value name="field_is_attribute">false</value>
    <value name="field_is_text">false</value>
    <value name="nillable">true</value>
    <value name="form_qualified">false</value>
    <value name="is_global">false</value>
    <array name="rec_fields" type="record" depth="1">
    </array>
    <value name="modelType">0</value>
  </record>
</Values>
</MAPSOURCE>

  <!-- nodes -->

<MAPDELETE NAME="Dropper" FIELD="/monitorPort;1;0">
</MAPDELETE>
</MAP>
</INVOKE>
</FLOW>
