<?xml version="1.0" encoding="UTF-8"?>

<FLOW VERSION="3.0" CLEANUP="true">
  <COMMENT></COMMENT>

  <!-- nodes -->

<INVOKE TIMEOUT="" SERVICE="deployMobileGateway.util.wsEndPtAlias.Consumer:cleanWSEndPtAssets" VALIDATE-IN="$none" VALIDATE-OUT="$none">
  <COMMENT></COMMENT>

  <!-- nodes -->

<MAP MODE="INPUT">
</MAP>

<MAP MODE="OUTPUT">
</MAP>
</INVOKE>

<INVOKE SERVICE="deployMobileGateway.util.wsEndPtAlias.Consumer:add_Con_http_endPt">
</INVOKE>

<INVOKE SERVICE="deployMobileGateway.util.wsEndPtAlias.Consumer:add_Con_https_endPt">
</INVOKE>
</FLOW>
